Libro,Autor
LIBRO_3,Autor_3
LIBRO_4,Autor_4
LIBRO_4,Autor_4
LIBRO_13,Autor_13
LIBRO_13,Autor_13
LIBRO_15,Autor_15
LIBRO_15,Autor_15
LIBRO_20,Autor_20
LIBRO_20,Autor_20
LIBRO_22,Autor_22
LIBRO_22,Autor_22
LIBRO_24,Autor_24
LIBRO_24,Autor_24
LIBRO_36,Autor_36
LIBRO_36,Autor_36
LIBRO_37,Autor_37
LIBRO_37,Autor_37
LIBRO_39,Autor_39
LIBRO_39,Autor_39
LIBRO_40,Autor_40
LIBRO_40,Autor_40
LIBRO_48,Autor_48
LIBRO_48,Autor_48
LIBRO_51,Autor_51
LIBRO_51,Autor_51
LIBRO_55,Autor_55
LIBRO_55,Autor_55
LIBRO_56,Autor_56
LIBRO_56,Autor_56
LIBRO_59,Autor_59
LIBRO_59,Autor_59
LIBRO_61,Autor_61
LIBRO_61,Autor_61
LIBRO_66,Autor_66
LIBRO_66,Autor_66
LIBRO_73,Autor_73
LIBRO_73,Autor_73
LIBRO_74,Autor_74
LIBRO_74,Autor_74
LIBRO_84,Autor_84
LIBRO_84,Autor_84
LIBRO_90,Autor_90
LIBRO_90,Autor_90
LIBRO_99,Autor_99
LIBRO_99,Autor_99
LIBRO_107,Autor_107
LIBRO_107,Autor_107
LIBRO_134,Autor_134
LIBRO_134,Autor_134
LIBRO_140,Autor_140
LIBRO_140,Autor_140
LIBRO_142,Autor_142
LIBRO_142,Autor_142
LIBRO_147,Autor_147
LIBRO_147,Autor_147
LIBRO_150,Autor_150
LIBRO_150,Autor_150
LIBRO_152,Autor_152
LIBRO_152,Autor_152
LIBRO_155,Autor_155
LIBRO_155,Autor_155
LIBRO_165,Autor_165
LIBRO_165,Autor_165
LIBRO_167,Autor_167
LIBRO_167,Autor_167
LIBRO_170,Autor_170
LIBRO_170,Autor_170
LIBRO_177,Autor_177
LIBRO_177,Autor_177
LIBRO_181,Autor_181
LIBRO_181,Autor_181
LIBRO_187,Autor_187
LIBRO_187,Autor_187
LIBRO_190,Autor_190
LIBRO_190,Autor_190
LIBRO_215,Autor_215
LIBRO_215,Autor_215
LIBRO_222,Autor_222
LIBRO_222,Autor_222
LIBRO_227,Autor_227
LIBRO_227,Autor_227
LIBRO_229,Autor_229
LIBRO_229,Autor_229
LIBRO_230,Autor_230
LIBRO_230,Autor_230
LIBRO_239,Autor_239
LIBRO_239,Autor_239
LIBRO_242,Autor_242
LIBRO_242,Autor_242
LIBRO_244,Autor_244
LIBRO_244,Autor_244
LIBRO_253,Autor_253
LIBRO_253,Autor_253
LIBRO_257,Autor_257
LIBRO_257,Autor_257
LIBRO_262,Autor_262
LIBRO_262,Autor_262
LIBRO_264,Autor_264
LIBRO_264,Autor_264
LIBRO_273,Autor_273
LIBRO_273,Autor_273
LIBRO_281,Autor_281
LIBRO_281,Autor_281
LIBRO_286,Autor_286
LIBRO_286,Autor_286
LIBRO_293,Autor_293
LIBRO_293,Autor_293
LIBRO_294,Autor_294
LIBRO_294,Autor_294
LIBRO_296,Autor_296
LIBRO_296,Autor_296
LIBRO_297,Autor_297
LIBRO_297,Autor_297
LIBRO_299,Autor_299
LIBRO_299,Autor_299
LIBRO_312,Autor_312
LIBRO_312,Autor_312
LIBRO_318,Autor_318
LIBRO_318,Autor_318
LIBRO_328,Autor_328
LIBRO_328,Autor_328
LIBRO_329,Autor_329
LIBRO_329,Autor_329
LIBRO_334,Autor_334
LIBRO_334,Autor_334
LIBRO_341,Autor_341
LIBRO_341,Autor_341
LIBRO_347,Autor_347
LIBRO_347,Autor_347
LIBRO_358,Autor_358
LIBRO_358,Autor_358
LIBRO_363,Autor_363
LIBRO_363,Autor_363
LIBRO_364,Autor_364
LIBRO_364,Autor_364
LIBRO_368,Autor_368
LIBRO_368,Autor_368
LIBRO_379,Autor_379
LIBRO_379,Autor_379
LIBRO_384,Autor_384
LIBRO_384,Autor_384
LIBRO_391,Autor_391
LIBRO_391,Autor_391
LIBRO_392,Autor_392
LIBRO_392,Autor_392
LIBRO_396,Autor_396
LIBRO_396,Autor_396
LIBRO_404,Autor_404
LIBRO_404,Autor_404
LIBRO_407,Autor_407
LIBRO_407,Autor_407
LIBRO_409,Autor_409
LIBRO_409,Autor_409
LIBRO_416,Autor_416
LIBRO_416,Autor_416
LIBRO_440,Autor_440
LIBRO_440,Autor_440
LIBRO_449,Autor_449
LIBRO_449,Autor_449
LIBRO_452,Autor_452
LIBRO_452,Autor_452
LIBRO_453,Autor_453
LIBRO_453,Autor_453
LIBRO_456,Autor_456
LIBRO_456,Autor_456
LIBRO_465,Autor_465
LIBRO_465,Autor_465
LIBRO_480,Autor_480
LIBRO_480,Autor_480
LIBRO_489,Autor_489
LIBRO_489,Autor_489
LIBRO_500,Autor_500
LIBRO_500,Autor_500
LIBRO_506,Autor_506
LIBRO_506,Autor_506
LIBRO_509,Autor_509
LIBRO_509,Autor_509
LIBRO_517,Autor_517
LIBRO_517,Autor_517
LIBRO_518,Autor_518
LIBRO_518,Autor_518
LIBRO_529,Autor_529
LIBRO_529,Autor_529
LIBRO_530,Autor_530
LIBRO_530,Autor_530
LIBRO_544,Autor_544
LIBRO_544,Autor_544
LIBRO_549,Autor_549
LIBRO_549,Autor_549
LIBRO_552,Autor_552
LIBRO_552,Autor_552
LIBRO_562,Autor_562
LIBRO_562,Autor_562
LIBRO_570,Autor_570
LIBRO_570,Autor_570
LIBRO_574,Autor_574
LIBRO_574,Autor_574
LIBRO_578,Autor_578
LIBRO_578,Autor_578
LIBRO_581,Autor_581
LIBRO_581,Autor_581
LIBRO_587,Autor_587
LIBRO_587,Autor_587
LIBRO_592,Autor_592
LIBRO_592,Autor_592
LIBRO_601,Autor_601
LIBRO_601,Autor_601
LIBRO_602,Autor_602
LIBRO_602,Autor_602
LIBRO_619,Autor_619
LIBRO_619,Autor_619
LIBRO_637,Autor_637
LIBRO_637,Autor_637
LIBRO_640,Autor_640
LIBRO_640,Autor_640
LIBRO_648,Autor_648
LIBRO_648,Autor_648
LIBRO_651,Autor_651
LIBRO_651,Autor_651
LIBRO_655,Autor_655
LIBRO_655,Autor_655
LIBRO_656,Autor_656
LIBRO_656,Autor_656
LIBRO_661,Autor_661
LIBRO_661,Autor_661
LIBRO_668,Autor_668
LIBRO_668,Autor_668
LIBRO_669,Autor_669
LIBRO_669,Autor_669
LIBRO_673,Autor_673
LIBRO_673,Autor_673
LIBRO_695,Autor_695
LIBRO_695,Autor_695
LIBRO_696,Autor_696
LIBRO_696,Autor_696
LIBRO_700,Autor_700
LIBRO_700,Autor_700
LIBRO_701,Autor_701
LIBRO_701,Autor_701
LIBRO_703,Autor_703
LIBRO_703,Autor_703
LIBRO_709,Autor_709
LIBRO_709,Autor_709
LIBRO_738,Autor_738
LIBRO_738,Autor_738
LIBRO_742,Autor_742
LIBRO_742,Autor_742
LIBRO_743,Autor_743
LIBRO_743,Autor_743
LIBRO_759,Autor_759
LIBRO_759,Autor_759
LIBRO_761,Autor_761
LIBRO_761,Autor_761
LIBRO_763,Autor_763
LIBRO_763,Autor_763
LIBRO_800,Autor_800
LIBRO_800,Autor_800
LIBRO_833,Autor_833
LIBRO_833,Autor_833
LIBRO_842,Autor_842
LIBRO_842,Autor_842
LIBRO_843,Autor_843
LIBRO_843,Autor_843
LIBRO_861,Autor_861
LIBRO_861,Autor_861
LIBRO_865,Autor_865
LIBRO_865,Autor_865
LIBRO_868,Autor_868
LIBRO_868,Autor_868
LIBRO_871,Autor_871
LIBRO_871,Autor_871
LIBRO_876,Autor_876
LIBRO_876,Autor_876
LIBRO_877,Autor_877
LIBRO_877,Autor_877
LIBRO_879,Autor_879
LIBRO_879,Autor_879
LIBRO_883,Autor_883
LIBRO_883,Autor_883
LIBRO_900,Autor_900
LIBRO_900,Autor_900
LIBRO_905,Autor_905
LIBRO_905,Autor_905
LIBRO_919,Autor_919
LIBRO_919,Autor_919
LIBRO_924,Autor_924
LIBRO_924,Autor_924
LIBRO_925,Autor_925
LIBRO_925,Autor_925
LIBRO_934,Autor_934
LIBRO_934,Autor_934
LIBRO_961,Autor_961
LIBRO_961,Autor_961
LIBRO_968,Autor_968
LIBRO_968,Autor_968
LIBRO_975,Autor_975
LIBRO_975,Autor_975
LIBRO_987,Autor_987
LIBRO_987,Autor_987
LIBRO_988,Autor_988
LIBRO_988,Autor_988
LIBRO_989,Autor_989
LIBRO_989,Autor_989
